ID,독자(인물),술어(관계),저서(문헌),태도(점수),근거(문헌),작업자,근거 문장,다중언급(0/1),비고
,김기림,refer to,제임스 허네커,,최근의 미국평론단 인상주의의 일군: 그랜빌 힉스 뉴 매시즈지에서(상),정성훈,批評에잇서서는 이일은『ᄶᅦ임쓰휸키-』에서 비롯하야印象主義者들의一群의손으로 이루어젓다 『휸키-』의 사업은 『덴켄』이引繼하고잇섯다,0,
,김기림,refer to,H. L. 멘켄,,최근의 미국평론단 인상주의의 일군: 그랜빌 힉스 뉴 매시즈지에서(상),정성훈,批評에잇서서는 이일은『ᄶᅦ임쓰휸키-』에서 비롯하야印象主義者들의一群의손으로 이루어젓다 『휸키-』의 사업은 『덴켄』이引繼하고잇섯다 / 『멘켄』『켄비』와 『워-너-』等은 가튼考案으로다시도라갓다,1,
,김기림,refer to,T. S. 엘리엇,,최근의 미국평론단 인상주의의 일군: 그랜빌 힉스 뉴 매시즈지에서(상),정성훈,純粹한技術的批評이 旺盛해갓다 엇던ᄯᅢ는藝術至上主義의現論에서서 ᄯᅩ 엇던ᄯᅢ는 『엘리옷트』의事業에서와가티反動的哲學과 連結하야──,0,
,김기림,refer to,반 윅 브룩스,,최근의 미국평론단 인상주의의 일군: 그랜빌 힉스 뉴 매시즈지에서(상),정성훈,그러고 다른派로는『반워・ᄲᅮ룩크』의派가잇섯다 그들은 個人的作家와 文化的地位와의사히에 密接한連結이 잇는것을認定하엿다,0,
,김기림,refer to,해리 핸슨,,최근의 미국평론단 인상주의의 일군: 그랜빌 힉스 뉴 매시즈지에서(상),정성훈,이러한攻擊들중의엇던 것은 檢討하는 것이 조흘 것이다 그중의엇던것들은 말할것도못된다 例를들면 日刊新聞에 나타난 嘲笑와貶下──『하리・한센』『이사벨・패터-슨』과 『윈렴・쏘스킨』의執筆─는沒理解와 無定見의混合이엿다,0,
,김기림,refer to,이사벨 패터슨,,최근의 미국평론단 인상주의의 일군: 그랜빌 힉스 뉴 매시즈지에서(상),정성훈,이러한攻擊들중의엇던 것은 檢討하는 것이 조흘 것이다 그중의엇던것들은 말할것도못된다 例를들면 日刊新聞에 나타난 嘲笑와貶下──『하리・한센』『이사벨・패터-슨』과 『윈렴・쏘스킨』의執筆─는沒理解와 無定見의混合이엿다,0,
,김기림,refer to,윌리엄 소스킨,,최근의 미국평론단 인상주의의 일군: 그랜빌 힉스 뉴 매시즈지에서(상),정성훈,이러한攻擊들중의엇던 것은 檢討하는 것이 조흘 것이다 그중의엇던것들은 말할것도못된다 例를들면 日刊新聞에 나타난 嘲笑와貶下──『하리・한센』『이사벨・패터-슨』과 『윈렴・쏘스킨』의執筆─는沒理解와 無定見의混合이엿다,0,
,김기림,refer to,헨리 해즐릿,,최근의 미국평론단 인상주의의 일군: 그랜빌 힉스 뉴 매시즈지에서(상),정성훈,그보다도더 重要한 것은 『헨리해즐릿트』『죠셉・우-드・크럿취』와『엘머-・데비쓰』等에依하야 指導되는 自由主義자의攻擊이엿다──그들은 모다지난번選擧에『노-만・토마쓰』에게投票하엿다 / 『헨리・해즐럿트』는 特別히이罪에대하야責任이잇다,1,
,김기림,refer to,조셉 우드 크러치,,최근의 미국평론단 인상주의의 일군: 그랜빌 힉스 뉴 매시즈지에서(상),정성훈,그보다도더 重要한 것은 『헨리해즐릿트』『죠셉・우-드・크럿취』와『엘머-・데비쓰』等에依하야 指導되는 自由主義자의攻擊이엿다──그들은 모다지난번選擧에『노-만・토마쓰』에게投票하엿다 / 『헨리・해즐럿트』는 特別히이罪에대하야責任이잇다 그러나그는『크럿취』와『데비산』보다는낫부지안엇다,1,
,김기림,refer to,엘머 데이비스,,최근의 미국평론단 인상주의의 일군: 그랜빌 힉스 뉴 매시즈지에서(상),정성훈,그보다도더 重要한 것은 『헨리해즐릿트』『죠셉・우-드・크럿취』와『엘머-・데비쓰』等에依하야 指導되는 自由主義자의攻擊이엿다──그들은 모다지난번選擧에『노-만・토마쓰』에게投票하엿다 / 『헨리・해즐럿트』는 特別히이罪에대하야責任이잇다 그러나그는『크럿취』와『데비산』보다는낫부지안엇다,1,
,김기림,refer to,노먼 토머스,,최근의 미국평론단 인상주의의 일군: 그랜빌 힉스 뉴 매시즈지에서(상),정성훈,그보다도더 重要한 것은 『헨리해즐릿트』『죠셉・우-드・크럿취』와『엘머-・데비쓰』等에依하야 指導되는 自由主義자의攻擊이엿다──그들은 모다지난번選擧에『노-만・토마쓰』에게投票하엿다,0,
,김기림,refer to,모던 먼슬리,,최근의 미국평론단 인상주의의 일군: 그랜빌 힉스 뉴 매시즈지에서(상),정성훈,一九三三年二月에『모던 먼틀리』에실린 그의論文에서보인것처름 이批評家들은 ᄯᅩᆨ가티『허수아비』의技術에ᄲᅡ젓다,0,
,김기림,refer to,헨리 세이델 캔비,,최근의 미국평론단 인상주의의 일군: 그랜빌 힉스 뉴 매시즈지에서(상),정성훈,『멘켄』『켄비』와 『워-너-』等은 가튼考案으로다시도라갓다,0,
,김기림,refer to,M. R. 워너,,최근의 미국평론단 인상주의의 일군: 그랜빌 힉스 뉴 매시즈지에서(상),정성훈,『멘켄』『켄비』와 『워-너-』等은 가튼考案으로다시도라갓다,0,
,김기림,refer to,반론(케네스 버크),,최근의 미국평론단 문학작품의 효과 문제: 그랜빌 힉스 뉴 매시즈지에서(중),정성훈,"單純化한 效果의槪念은『케네트,ᄲᅥ-크』가 그의 『反正明玉』속에서 提議한것과가튼 것이다 그는말한다 한개의藝術品에대하야 두가지의完全히다른判斷이나려저야한다 그것의效果는批評家의 社會的意見의 照明속에서判斷되여야하며 그效果를 엇는方法은 算學的標準에 依하야 判斷되여야한다고말한다",1,
,김기림,refer to,잃어버린 시간을 찾아서,,최근의 미국평론단 프루스트의 가치는 어떻게 규정할까?: 그랜빌 힉스 뉴 매시즈지에서(하),정성훈,例를들면『푸루-스트』의 『지나간날을차저서』라는作品은 지금ᄭᅡ지××的立場에서쓴어느小說에서 보다도더훌륭하고힘잇게『××××』文明의 沒落해가는모양을보여준다,1,
,김기림,refer to,V. F. 캘버튼,,최근의 미국평론단 프루스트의 가치는 어떻게 규정할까?: 그랜빌 힉스 뉴 매시즈지에서(하),정성훈,過去의文學은그技術 그갓스로訂正한것처럼혹은成功의見地에서 評價될수가잇다고한『캘버-튼』의理想은우수운것이다 / 『캘버-튼』自身도 그의 著書 『아메리카文學의自由』속에서비록그가 分明하게하지는안엇지만 그것과는 다른標準을事實로適用하는것을 分明히보혀주엇다,1,
,김기림,refer to,백화(박화성),,신문소설 올림픽 시대,정성훈,따라서 李光洙씨의 대작 『흙』과 南國의 才人 朴花城 여사의 소설 『白花』는 뭇끛이 사정없는 서리ㅅ발 아래 쓰러진 정원에 호을로 남어잇는 한떨기 白菊과가티 아모 『라이발』없이 화려하게 피여잇엇다.,0,
,김기림,refer to,해는 지평선에,,신문소설 올림픽 시대,정성훈,이밧게 每日申報 金東仁씨 作 『해는 地平線에』등 실로 신문이 잇은 후 이러케도 화려찬란하고 다산적인 신문소설 범람시대를 연출한 일이 잇은 것 갓지 안타.,1,읽지 않았다고 언급함.
,김기림,refer to,장자크 루소,,신문소설 올림픽 시대,정성훈,그런 까닭인지 『룻소』가 벌서 『자연에로 도라가라』고 부르지즌 것이 18세기 엿고 19세기 말엽부터 20세기 초에 이르기까지 대지의 생장이라는 작품이 인텔리겐챠의 신경을 굿세게 울렷고 『레르몬토쁘』의 『農民』이 또한 엇더한 감격을 도시의 紅塵에 시달린 무리의 감정을 잘 세탁해 주엇는가?,0,
,김기림,refer to,미하일 레르몬토프,,신문소설 올림픽 시대,정성훈,그런 까닭인지 『룻소』가 벌서 『자연에로 도라가라』고 부르지즌 것이 18세기 엿고 19세기 말엽부터 20세기 초에 이르기까지 대지의 생장이라는 작품이 인텔리겐챠의 신경을 굿세게 울렷고 『레르몬토쁘』의 『農民』이 또한 엇더한 감격을 도시의 紅塵에 시달린 무리의 감정을 잘 세탁해 주엇는가?,0,
,김기림,refer to,단종애사,,신문소설 올림픽 시대,정성훈,그러나 氏는 항상 그의 작품의 周團에 엇던 유형의 一群의 독자를 吸引하고 잇다. 그럼으로 『端宗哀史』의 충실한 독자를 氏는 『흙』에 잇어서도 일허버리지 안코 잇으리라.,0,
,김기림,refer to,처녀의 화환,,신문소설 올림픽 시대,정성훈,"靑鳥社 繁盛하던 시절에 불량소녀, 소년을 마취시키던 『處女의 花環』 『永遠의 夢想』 등등 과는 다른 방법으로 獨鵑의 소설은 젊은 혼들을 惱殺시켜 마지안엇다.",0,
,김기림,refer to,영원의 몽상,,신문소설 올림픽 시대,정성훈,"靑鳥社 繁盛하던 시절에 불량소녀, 소년을 마취시키던 『處女의 花環』 『永遠의 夢想』 등등 과는 다른 방법으로 獨鵑의 소설은 젊은 혼들을 惱殺시켜 마지안엇다.",0,
,김기림,refer to,승방비곡,,신문소설 올림픽 시대,정성훈,僧房悲曲은 영화로만도 坊坊谷谷에까지 유포되엿스나 수만의 朝鮮日報 독자를 매료시키던 『香園艶史』의 인상은 아직도 우리들의 뇌리에서 아주 싸러저 버리지 안엇다.,0,
,김기림,refer to,향원염사,,신문소설 올림픽 시대,정성훈,僧房悲曲은 영화로만도 坊坊谷谷에까지 유포되엿스나 수만의 朝鮮日報 독자를 매료시키던 『香園艶史』의 인상은 아직도 우리들의 뇌리에서 아주 싸러저 버리지 안엇다.,0,
,김기림,refer to,레몽 라디게,,신문소설 올림픽 시대,정성훈,"白鳩- 펄펄나는 白鳩- 그것은 일즉이는 『다비테』에게 사탕을 바덧고 근래에 와서는 『비닭이와 조개와 장미』의 시인 『레이몽, 라디게』의 『파보리』엿든 산호빛의 발을 가진 사랑스러운 동물이다.",0,
,김기림,refer to,무화과,,신문소설 올림픽 시대,정성훈,웨그려냐하면 소문에 의하면 每日申報에 실린 氏의 소설 『無花果』는 회를 거듭하기를 수백 회에 이른 기록을 가지고 잇는 단연 소설계의 『느르미』이신 까닭이다.,0,읽지 않았다고 언급함.
,김기림,refer to,에밀 졸라,,스타일리스트 이태준씨를 논함 (1),정성훈,『졸라』에개잇서서는 文學은『타이푸라이터』와 가튼것이엿고 만흔境遇에藝術至上主義者로서 引用되는『풀로-베어』조차가 文學의部分的樣能의하나로서의 抽寫의作用을正當한位置에서 發見하지못하고 그것에게너무나眩惑되엿던ᄭᅡ닭에 文學그것의眞髓를把握하는데失敗하엿다,0,
,김기림,refer to,귀스타브 플로베르,,스타일리스트 이태준씨를 논함 (1),정성훈,『졸라』에개잇서서는 文學은『타이푸라이터』와 가튼것이엿고 만흔境遇에藝術至上主義者로서 引用되는『풀로-베어』조차가 文學의部分的樣能의하나로서의 抽寫의作用을正當한位置에서 發見하지못하고 그것에게너무나眩惑되엿던ᄭᅡ닭에 文學그것의眞髓를把握하는데失敗하엿다,0,
,김기림,refer to,안톤 체호프,,스타일리스트 이태준씨를 논함 (2),정성훈,ᄯᅢᄯᅢ로는그는『체호-프』처름『너무나銳敏한感性ᄯᅢ문에』憂鬱해지기도한다,0,
,김기림,refer to,트리스탕 차라,,서클을 선명히 하자,정성훈,『마티스』의『포비즘』 『즈알라』의『라다』 『올징튼』等의『이마지스트』運動 『스-포-』等의『수-르레-알뢰즘』──이것들은批評家가반가워하고 現象이便해할ᄲᅮᆫ아니라 그들自身이차라리 傳說을意味하지안는自己流派의 固有名辭에 더愛着을늣긴다,0,
,김기림,refer to,리처드 올딩턴,,서클을 선명히 하자,정성훈,『마티스』의『포비즘』 『즈알라』의『라다』 『올징튼』等의『이마지스트』運動 『스-포-』等의『수-르레-알뢰즘』──이것들은批評家가반가워하고 現象이便해할ᄲᅮᆫ아니라 그들自身이차라리 傳說을意味하지안는自己流派의 固有名辭에 더愛着을늣긴다,0,
,김기림,refer to,필리프 수포,,서클을 선명히 하자,정성훈,『마티스』의『포비즘』 『즈알라』의『라다』 『올징튼』等의『이마지스트』運動 『스-포-』等의『수-르레-알뢰즘』──이것들은批評家가반가워하고 現象이便해할ᄲᅮᆫ아니라 그들自身이차라리 傳說을意味하지안는自己流派의 固有名辭에 더愛着을늣긴다,0,
,김기림,refer to,김억,,시평의 재비평: 딜레탕티즘에 항하여,정성훈,그속에서 白氏는 金億 權九玄 金海剛兩氏와 그러고 今日가장 各方面에서 宣傳되고있는 女流詩人毛允淑孃이 俎上에 올려노여젓다.,0,
,김기림,refer to,김해강,,시평의 재비평: 딜레탕티즘에 항하여,정성훈,그속에서 白氏는 金億 權九玄 金海剛兩氏와 그러고 今日가장 各方面에서 宣傳되고있는 女流詩人毛允淑孃이 俎上에 올려노여젓다.,0,
,김기림,refer to,알렉산드르 보그다노프,,시평의 재비평: 딜레탕티즘에 항하여,정성훈,觀念的인 否定的態度─盲目的憎惡感─은 『보그라노프』도 『兵士的觀念』이라고 부른 바로그것이다.,0,
,김기림,refer to,아리스토텔레스,,시평의 재비평: 딜레탕티즘에 항하여,정성훈,그러함에도 不拘하고엇던 批評은 그것이 取扱하는 對像으로서의 詩의門前에서 그內部의 樞密을 알려고도하기前에先入的으로 公式的으로 이집의內部는 『낫부다』 『조타』 하고 判斷해버리는 지극히素朴하고 原始的인것도있다 이種類의批評을 일삼는批評家는 실로 『아리스토-틀』 以來 모-든藝術批評家가 困難하다고머리를떨던 批評이라는일을 가장아모럿치도안케 손쉽게해버리는 놀라운手腕을가진 事務家라고생각한다,0,
,김기림,refer to,E. E. 커밍스,,시평의 재비평: 딜레탕티즘에 항하여,정성훈,詩에있어서도『컴밍쓰』에依하야『케이덴쓰』가問題가되엿고 또는『이메지』或은『메타폴라』가問題가되고 다시『딕슌』이問題되고있는오늘날 大戰以前의머리로써 이것을對하는 것은 그批評家自身으로서도 매우危險한일이오 그러니까 對象이된 不幸한詩는『뮷세』처름 눈물속에 避難할밧게 없을 것이다.,0,
,김기림,refer to,알프레드 드 뮈세,,시평의 재비평: 딜레탕티즘에 항하여,정성훈,詩에있어서도『컴밍쓰』에依하야『케이덴쓰』가問題가되엿고 또는『이메지』或은『메타폴라』가問題가되고 다시『딕슌』이問題되고있는오늘날 大戰以前의머리로써 이것을對하는 것은 그批評家自身으로서도 매우危險한일이오 그러니까 對象이된 不幸한詩는『뮷세』처름 눈물속에 避難할밧게 없을 것이다.,0,
,김기림,refer to,앙리 브레몽,,시평의 재비평: 딜레탕티즘에 항하여,정성훈,아니『뿌레몽』의 純粹詩의理念에있어서는 題材그것조차가 超越해젓다.,0,
,김기림,refer to,윈덤 루이스,,시평의 재비평: 딜레탕티즘에 항하여,정성훈,政治的藝術家를排擊한『윈담루이쓰』도 詩人의自由를高調하려는衷心에서 그러케한것이라고생각한다,0,
,김기림,refer to,이태준,,시평의 재비평: 딜레탕티즘에 항하여,정성훈,例를들면 社會的立場에선 氏는 또한엇더케 그가 不滿해하는『카페의犬儒學派』속에서도 『文學的價値』를認定할수밧게없엇고 그가 『젊은靑少女들의意識을마취시키며 가로막는데서 얼마나 만흔 害毒을기칠것인가를 憎惡하야』마지안는 李泰俊氏의小說에『無意識的으로 취해』버리는가의 理由를알것같다.,0,
,김기림,refer to,브르통,4,상아탑의 비극-사포에서 초현실파까지,전세진,그러나 파리의 시민은 이러한 뒤아멜의 신랄할 냉소에는 전연 무관심하게 브르통이나 수포나 쉬르 레알리슴에 관한 이야기보다는 슈발리에나 클라라 보나 낸시 캐롤 등의 주책없는 염문에 관한 화제를 즐겨서 가진다고 한다.,,
,김기림,refer to,수포,4,상아탑의 비극-사포에서 초현실파까지,전세진,그러나 파리의 시민은 이러한 뒤아멜의 신랄할 냉소에는 전연 무관심하게 브르통이나 수포나 쉬르 레알리슴에 관한 이야기보다는 슈발리에나 클라라 보나 낸시 캐롤 등의 주책없는 염문에 관한 화제를 즐겨서 가진다고 한다.,,
,김기림,refer to,슈발리에,2,상아탑의 비극-사포에서 초현실파까지,전세진,그러나 파리의 시민은 이러한 뒤아멜의 신랄할 냉소에는 전연 무관심하게 브르통이나 수포나 쉬르 레알리슴에 관한 이야기보다는 슈발리에나 클라라 보나 낸시 캐롤 등의 주책없는 염문에 관한 화제를 즐겨서 가진다고 한다.,,
,김기림,refer to,클라라 보,2,상아탑의 비극-사포에서 초현실파까지,전세진,그러나 파리의 시민은 이러한 뒤아멜의 신랄할 냉소에는 전연 무관심하게 브르통이나 수포나 쉬르 레알리슴에 관한 이야기보다는 슈발리에나 클라라 보나 낸시 캐롤 등의 주책없는 염문에 관한 화제를 즐겨서 가진다고 한다.,,
,김기림,refer to,낸시 캐롤,2,상아탑의 비극-사포에서 초현실파까지,전세진,그러나 파리의 시민은 이러한 뒤아멜의 신랄할 냉소에는 전연 무관심하게 브르통이나 수포나 쉬르 레알리슴에 관한 이야기보다는 슈발리에나 클라라 보나 낸시 캐롤 등의 주책없는 염문에 관한 화제를 즐겨서 가진다고 한다.,,
,김기림,refer to,말라르메,4,상아탑의 비극-사포에서 초현실파까지,전세진,일찍이 말라르메가 몽롱한 장막의 저편에 감추어 놓은 포에지는 현대의 대중의 지극히 현실적인 눈에서는 아마 아라비아의 동혈처럼 영구히 닫혀 있나 보다.,,
,김기림,refer to,조르주 위네,3,상아탑의 비극-사포에서 초현실파까지,전세진,스테판 말라르메는 조르주 위네의 질의에 대하여 상징파의 신념을 토로한 회답 속에서 이렇게 말하였다.,,
,김기림,refer to,알베르 사맹,2,상아탑의 비극-사포에서 초현실파까지,전세진,그러므로 알베르 사맹은 즐겨서 박모를 노래하였다.,,
,김기림,refer to,알렉상드랭 조,3,상아탑의 비극-사포에서 초현실파까지,전세진,한 줄에 반드시 12철음씩 넣어야 하는 고전적인 알렉상드랭 조의 구속에서 시를 시인 각자의 주관적 창조에 의한 자유분방한 리듬의 약진에로 해방하려고 한 것이다.,,
,김기림,refer to,귀스타브 칸,3,상아탑의 비극-사포에서 초현실파까지,전세진,"이 운동의 주장자는 상징파의 시인 귀스타브 칸이었으나 그  이전에 주로 라포르그며, 풀잎의 시인 월트 휘트먼 등은 그들의 독창적인 시에 그것을 시험한 것이다.",,
,김기림,refer to,라포르그,3,상아탑의 비극-사포에서 초현실파까지,전세진,"이 운동의 주장자는 상징파의 시인 귀스타브 칸이었으나 그  이전에 주로 라포르그며, 풀잎의 시인 월트 휘트먼 등은 그들의 독창적인 시에 그것을 시험한 것이다.",,
,김기림,refer to,월트 휘트먼,3,상아탑의 비극-사포에서 초현실파까지,전세진,"이 운동의 주장자는 상징파의 시인 귀스타브 칸이었으나 그  이전에 주로 라포르그며, 풀잎의 시인 월트 휘트먼 등은 그들의 독창적인 시에 그것을 시험한 것이다.",,
,김기림,refer to,보들레르,2,상아탑의 비극-사포에서 초현실파까지,전세진,"그러나 예술의 일분야로서의 시의 역사에는 로맨티시즘 직후에는 그 작은 반동으로서 르콩트 드릴을 맹주로 한 소위 파르나시앵의 고전주의 운동이 있었으나 이윽고 그것은 불이 꺼지고 보들레르의 악마주의와 말라르메, 베를렌, 랭보 등의 선구자로 한 상징주의의 시대가 시작되었다.",,
,김기림,refer to,니콜라스 보듀안,3,상아탑의 비극-사포에서 초현실파까지,전세진,"니콜라스 보듀안, 알베르 모켈, 졸주에 쿠 등 백이의인의 일단으로 된 바로크시즘 일파가 또한 사람의 정신의 고양과 생활에 대한 열애를 고창하면서 일방에 일어났다.",,
,김기림,refer to,알베르 모켈,3,상아탑의 비극-사포에서 초현실파까지,전세진,"니콜라스 보듀안, 알베르 모켈, 졸주에 쿠 등 백이의인의 일단으로 된 바로크시즘 일파가 또한 사람의 정신의 고양과 생활에 대한 열애를 고창하면서 일방에 일어났다.",,
,김기림,refer to,졸주에 쿠,3,상아탑의 비극-사포에서 초현실파까지,전세진,"니콜라스 보듀안, 알베르 모켈, 졸주에 쿠 등 백이의인의 일단으로 된 바로크시즘 일파가 또한 사람의 정신의 고양과 생활에 대한 열애를 고창하면서 일방에 일어났다.",,
,김기림,refer to,부에리에,3,상아탑의 비극-사포에서 초현실파까지,전세진,그 주창자 부에리에는 용감하게 일상의 히로이즘을 설교하였다.,,
,김기림,refer to,즬 로맹,3,상아탑의 비극-사포에서 초현실파까지,전세진,그중에서도 가장 주목할 가치가 있는 것은 즬 로맹의 위나니미슴이다.,,
,김기림,refer to,샹느 비에르,3,상아탑의 비극-사포에서 초현실파까지,전세진,그가 위나니미슴을 선포하기 시작한 것은 1905년 4월이고 동년 7월에 샹느 비에르도 위나니미의 정신을 《복스》지상(紙上)에 고조하였다.,,
,김기림,refer to,마리네티,3,상아탑의 비극-사포에서 초현실파까지,전세진,마리네티를 수반으로 한 야만적인 젊은 예술가의 무리의 손으로 봉화를 든 반철학적·반교양적인 미래파의 운동이야말로 그것이 내가 암시하려고 한 것이다.,,
,김기림,refer to,아폴리네르,3,상아탑의 비극-사포에서 초현실파까지,전세진,"그리고 ""자연은 구체와 첨원형과 원통형으로 추구된다.""고 한 세잔에게서 출발한 최근의 회화 사상 큰 에포크를 그은 입체파의 화가 피카소의 주위에 모였던 시인 아폴리네르, 콕토, 모랑 등의 입체시가 어떻게 과거의 시를 말살하기 위하여 광태에 가까운 악희를 감행했는가를 우리는 보았다.",,
,김기림,refer to,콕토,3,상아탑의 비극-사포에서 초현실파까지,전세진,"그리고 ""자연은 구체와 첨원형과 원통형으로 추구된다.""고 한 세잔에게서 출발한 최근의 회화 사상 큰 에포크를 그은 입체파의 화가 피카소의 주위에 모였던 시인 아폴리네르, 콕토, 모랑 등의 입체시가 어떻게 과거의 시를 말살하기 위하여 광태에 가까운 악희를 감행했는가를 우리는 보았다.",,
,김기림,refer to,모랑,3,상아탑의 비극-사포에서 초현실파까지,전세진,"그리고 ""자연은 구체와 첨원형과 원통형으로 추구된다.""고 한 세잔에게서 출발한 최근의 회화 사상 큰 에포크를 그은 입체파의 화가 피카소의 주위에 모였던 시인 아폴리네르, 콕토, 모랑 등의 입체시가 어떻게 과거의 시를 말살하기 위하여 광태에 가까운 악희를 감행했는가를 우리는 보았다.",,
,김기림,refer to,스테판 말라르메,5,상아탑의 비극 1,정성훈,일찍이 말라르메가 몽롱한 장막의 저편에 감추어 놓은 포에지는 현대의 대중의 지극히 현실적인 눈에서는 아마 아라비아의 동혈처럼 영구히 닫혀 있나 보다.,1,
,김기림,refer to,사포,5,상아탑의 비극 3,정성훈,인류가 가진 최초요 최대의 서정시인 사포,,
,김기림,refer to,프랑수아 비용,4,상아탑의 비극 3,정성훈,그 반동으로서 프랑수아 비용 같은 도적질을 직업으로 하는 기괴한 시인까지 생겼던 것이다.,,
,김기림,refer to,단테,5,상아탑의 비극 3,정성훈,"단테, 페트라르카, 보카치오 등 여명의 선구자들이 두드리는 어지러운 종소리는 구라파에 잠겨 있던 깊은 잠을 깨어 일으켰다.",,
,김기림,refer to,프란체스코 페트라르카,5,상아탑의 비극 3,정성훈,"단테, 페트라르카, 보카치오 등 여명의 선구자들이 두드리는 어지러운 종소리는 구라파에 잠겨 있던 깊은 잠을 깨어 일으켰다.",,
,김기림,refer to,보카치오,5,상아탑의 비극 3,정성훈,"단테, 페트라르카, 보카치오 등 여명의 선구자들이 두드리는 어지러운 종소리는 구라파에 잠겨 있던 깊은 잠을 깨어 일으켰다.",,
,김기림,refer to,르콩트 드 릴,3,상아탑의 비극 4,정성훈,그러나 예술의 일 분야로서의 시의 역사에는 로맨티시즘 직후에는 작은 그 반동으로서 르콩트 드릴을 맹주로 한 소위 파르나시앵의 고전주의 운동이 있었으나 이윽고 그것은 불이 꺼지고,1,
,김기림,refer to,보들레르,5,상아탑의 비극 4,정성훈,"보들레르의 악마주의와 말라르메, 베를렌, 랭보 등을 선구자로 한 상징주의의 시대가 시작되었다.",,
,김기림,refer to,베를렌,5,상아탑의 비극 4,정성훈,"보들레르의 악마주의와 말라르메, 베를렌, 랭보 등을 선구자로 한 상징주의의 시대가 시작되었다.",,
,김기림,refer to,랭보,5,상아탑의 비극 4,정성훈,"보들레르의 악마주의와 말라르메, 베를렌, 랭보 등을 선구자로 한 상징주의의 시대가 시작되었다.",,
,김기림,refer to,조르주 위네,3,상아탑의 비극 4,정성훈,스테판 말라르메는 조르주 위네의 질의에 대하여 상징파의 신념을 토로한 회답 속에서 이렇게 말하였다.,,
,김기림,refer to,모리스 마테를링크,2,상아탑의 비극 4,정성훈,그래서 상징파는 필경에는 마테를링크의 신비주의의 온실 속으로 숨어버리고 말았다.,,
,김기림,refer to,구스타브 칸,5,상아탑의 비극 5,정성훈,"이 운동의 주장자는 상징파의 시인 귀스타브 칸이었으나 그 이전에 주로 라포르그며, 풀잎의 시인 월트 휘트먼 등은 그들의 독창적인 시에 그것을 시험한 것이다.",,
,김기림,refer to,쥘 라포르그,5,상아탑의 비극 5,정성훈,"이 운동의 주장자는 상징파의 시인 귀스타브 칸이었으나 그 이전에 주로 라포르그며, 풀잎의 시인 월트 휘트먼 등은 그들의 독창적인 시에 그것을 시험한 것이다.",,
,김기림,refer to,월트 휘트먼,5,상아탑의 비극 5,정성훈,"이 운동의 주장자는 상징파의 시인 귀스타브 칸이었으나 그 이전에 주로 라포르그며, 풀잎의 시인 월트 휘트먼 등은 그들의 독창적인 시에 그것을 시험한 것이다.",,
,김기림,refer to,니콜라스 보듀안,3,상아탑의 비극 6,정성훈,"니콜라스 보듀안, 알베르 모켈, 졸주에 쿠 등 백이의인의 일단으로 된 바르크시즘 일파가 또한 사람의 정신의 고양과 생활에 대한 열애를 고창하면서 일방에 일어났다.",,
,김기림,refer to,알베르 모켈,3,상아탑의 비극 6,정성훈,"니콜라스 보듀안, 알베르 모켈, 졸주에 쿠 등 백이의인의 일단으로 된 바르크시즘 일파가 또한 사람의 정신의 고양과 생활에 대한 열애를 고창하면서 일방에 일어났다.",,
,김기림,refer to,졸주에 쿠,3,상아탑의 비극 6,정성훈,"니콜라스 보듀안, 알베르 모켈, 졸주에 쿠 등 백이의인의 일단으로 된 바르크시즘 일파가 또한 사람의 정신의 고양과 생활에 대한 열애를 고창하면서 일방에 일어났다.",,
,김기림,refer to,부에리에,3,상아탑의 비극 6,정성훈,그 주창자 부에리에는 용감하게 일상의 히로이즘을 설교하였다.,,
,김기림,refer to,쥘 로맹,3,상아탑의 비극 6,정성훈,그 중에서도 가장 주목할 가치가 있는 것은 쥘 로맹의 위나니미슴이다.,1,
,김기림,refer to,샹느 비에트,3,상아탑의 비극 6,정성훈,동년 7월에 샹느 비에르도 위나나미의 정신을 《복스》지상에 고조하였다.,,
,김기림,refer to,복스(잡지),3,상아탑의 비극 6,정성훈,동년 7월에 샹느 비에르도 위나나미의 정신을 《복스》지상에 고조하였다.,,
,김기림,refer to,마리네티,5,상아탑의 비극 7,정성훈,마리네티를 수반으로 한 야만적인 젊은 예술가의 무리의 손으로 봉화를 든 반철학적·반교양적인 미래파의 운동이야말로 그것이 내가 암시하려고 한 것이다.,,
,김기림,refer to,시(잡지),5,상아탑의 비극 7,정성훈,"그러나 1905년 2월 밀라노에서 발행하는 시 잡지 《시》에 칩거한 젊은 시인들이, 자기들의 운동 위에 미래파라고 하는 현대문학사상 가경할 선율을 가진 명칭을 붙인 것이 미래파라는 말의 첫 출현이었다.",,
,김기림,refer to,기욤 아폴리네르,1,상아탑의 비극 7,정성훈,"자연은 구체와 첨원형과 운통형으로 추구된다.고 한 세잔에게서 출발한 최근의 회화 사상 큰 에포크를 그은 입체파의 화가 피카소의 주위에 모였던 시인 아폴리네르, 콕토, 모랑 등의 입체시가 어떻게 과거의 시를 말살하기 위하여 광태에 가까운 악희를 감행했는가를 우리는 보았다.",,
,김기림,refer to,장 콕토,1,상아탑의 비극 7,정성훈,"자연은 구체와 첨원형과 운통형으로 추구된다.고 한 세잔에게서 출발한 최근의 회화 사상 큰 에포크를 그은 입체파의 화가 피카소의 주위에 모였던 시인 아폴리네르, 콕토, 모랑 등의 입체시가 어떻게 과거의 시를 말살하기 위하여 광태에 가까운 악희를 감행했는가를 우리는 보았다.",,
,김기림,refer to,폴 모랑,1,상아탑의 비극 7,정성훈,"자연은 구체와 첨원형과 운통형으로 추구된다.고 한 세잔에게서 출발한 최근의 회화 사상 큰 에포크를 그은 입체파의 화가 피카소의 주위에 모였던 시인 아폴리네르, 콕토, 모랑 등의 입체시가 어떻게 과거의 시를 말살하기 위하여 광태에 가까운 악희를 감행했는가를 우리는 보았다.",,
,김기림,refer to,폴 발레리,2,상아탑의 비극 8,정성훈,발레리의 순수시의 고답은 너무나 고독한 까닭에 누구 하나 접근할 수조차 있는 것같지 않다.,,
,김기림,refer to,이반 골,2,상아탑의 비극 8,정성훈,"이완글, 브르통, 스-포-, 아라공 등에 의하여 창도된 초현실주의의 혁명도 결국은 다다의 자기 파괴 작용의 상속에 불과하다.",,
,김기림,refer to,앙드레 브르통,2,상아탑의 비극 8,정성훈,"이완글, 브르통, 스-포-, 아라공 등에 의하여 창도된 초현실주의의 혁명도 결국은 다다의 자기 파괴 작용의 상속에 불과하다.",1,
,김기림,refer to,필리프 수포,2,상아탑의 비극 8,정성훈,"이완글, 브르통, 스-포-, 아라공 등에 의하여 창도된 초현실주의의 혁명도 결국은 다다의 자기 파괴 작용의 상속에 불과하다.",1,
,김기림,refer to,루이 아라공,2,상아탑의 비극 8,정성훈,"이완글, 브르통, 스-포-, 아라공 등에 의하여 창도된 초현실주의의 혁명도 결국은 다다의 자기 파괴 작용의 상속에 불과하다.",1,
,김기림,refer to,쉬르레알리스트(기관지),1,상아탑의 비극 8,정성훈,그들 중에서 가장 파괴적 경향을 대표하고 있던 스포 등 일파가 분리하여 따로이 코뮤니스트인 쉬르레알리스트의 그룹을 만들고 프로에 봉사하는 쉬르레알리스트라는 기관지에 웅거하였다고 한다.,,
,김기림,refer to,사바울,1,상아탑의 비극 8,정성훈,쉬르레알리스트 사바울이 불란서 대표로서 출석하여 붉은 기염을 토하였다고 하며,,
,김기림,refer to,폴 발레리,2,청중없는 음악회,전세진,폴 발레리가 지배하고 있는 세계-또는 장 콕토가 알려지고 있는 세계는 실로 망망한 태평양의 괌섬보다 더 큰 것이라고 누가 말할 수 있습니까. /폴 발레리가 지배하고 있는 세계-또는 장 콕토가 알려지고 있는 세계는 실로 망망한 태평양의 괌섬보다 더 큰 것이라고 누가 말할 수 있습니까. ,1,
,김기림,refer to,장 콕토,2,청중없는 음악회,전세진,폴 발레리가 지배하고 있는 세계-또는 장 콕토가 알려지고 있는 세계는 실로 망망한 태평양의 괌섬보다 더 큰 것이라고 누가 말할 수 있습니까.,0,
,김기림,refer to,하루야마 유키오,3,청중없는 음악회,전세진,일본의 쉬르레알리스트 춘산(春山) 군에게 시를 어떻게 읽어야 하느냐고 물었을 때 그는 우선 쉬르레알리슴의 시론을 이해하여야 한다고 대답한 일이 있습니다.,0,"글에서는 '춘산 군'으로 되어 있고, 권영민 판 각주에 '하루야마 유키오'라고 설명되어 있음."
,김기림,refer to,리암 오플레허티,4,32년 문단 전망 - 어떻게 전개될까? 전개시킬까?,전세진,그러므로 리암 오플래허티가 그의 풍부한 방랑 생활의 경험에도 불구하고 거칠은 애란의 해안을 그 작품의 무대로 가리는 것은 타당한 일인가 합니다.,0,
,김기림,refer to,아르튀르 랭보,3,32년 문단 전망 - 어떻게 전개될까? 전개시킬까?,전세진,최고급의 예술을 남기고 용감하게 시와 몌별한 후 인도엔가 어디로 모양을 감추었다고 하는 아르퉤르 랭보의 행동은 얼마나 영웅적입니까.,0,
,김기림,refer to,알베르 사맹,4,로맹 롤랑과 「장 크리스토프」,전세진,나는 의연히 알베르 사맹의 부드러운 박모의 시와 투르게네프의 연기 속에서 내 자신의 혼의 느낌 소리를 들으며 어떻게 환희의 눈물을 자아냈는지 모른다. ,0,
,김기림,refer to,이반 투르게네프,3,로맹 롤랑과 「장 크리스토프」,전세진,나는 의연히 알베르 사맹의 부드러운 박모의 시와 투르게네프의 연기 속에서 내 자신의 혼의 느낌 소리를 들으며 어떻게 환희의 눈물을 자아냈는지 모른다. ,0,
,김기림,refer to,로맹 롤랑,5,로맹 롤랑과 「장 크리스토프」,전세진,"로맹 롤랑의 굵은 목소리였다. / 롤랑이여, 나는 아직도 그떄의 당신 목소리를 기억합니다. / 그들 속에도 위대한 세계인 롤랑이 있어서 그들의 진두에서 만재의 기염을 토하고 있는 것을 잊어서는 아니 된다. / 장 콕토가 항상 새로운 것의 옹호자인 것처럼 롤랑은 다른 의미에서 가장 및나는 진리의 승려인 것을 나는 믿는다. / 롤랑에게 훌륭한 감사의 펴닞를 쓸 날이 오기를 바라 마지 않는다.",1,
,김기림,refer to,김동환,2,김동환론,전세진,그렇지만 지금 시인 파인에 관하여 말하는 것은 벌써 고전을 말하는 일이다 / 근래의 『삼천리』에서 또는 그 밖에 잡지에서 간혹 얻어보는 그의 시를 나는 전연 무시하는 것은 아니지만 그러나 그것들에게 큰 의의를 부여하기에는 현재의 시단의 예각의 정점은 거의 1세기를 의미하도록 전방에 있는 것을 어찌하랴.,1,
,김기림,refer to,이광수,4,현 문단의 부진과 그 전망,전세진,"춘원, 동인 등 우리 신학(新學)의 선구자들이 눈 떠 오는 조선의 새 자손 앞에 화려한 문학의 길을 계시한 이래, 1929년의 그 무서운 세계적 공황의 초발까지에 우리는 어떻게 문학에 대하여 열중하였으며 그것의 사회적 역할, 상품 가치(?) 등에는 생각을 돌릴 틈도 없이, 무조건하고 그것을 사랑하였던가.",,
,김기림,refer to,김동인,4,현 문단의 부진과 그 전망,전세진,"춘원, 동인 등 우리 신학(新學)의 선구자들이 눈 떠 오는 조선의 새 자손 앞에 화려한 문학의 길을 계시한 이래, 1929년의 그 무서운 세계적 공황의 초발까지에 우리는 어떻게 문학에 대하여 열중하였으며 그것의 사회적 역할, 상품 가치(?) 등에는 생각을 돌릴 틈도 없이, 무조건하고 그것을 사랑하였던가. / 지금 어느 권위 있는 잡지가, 문인들에게 향하여, ""그대는 왜 글을 쓰는가""하고 묻는다면 아마도 김동인 씨만이 ""다른 직업에 종사할 수 없는 까닭""이라고 대답할 수 있는 유일인일 것이다.",1,
,김기림,refer to,신석정,4,현 문단의 부진과 그 전망,전세진,한 사람의 놀라운 작가나 시인도(그러나 나는 신석정 씨의 그 아름다운 리리시즘을 잊어버린 것은 아니다.) 나타나서 우리들의 심장을 굳세게 때려준 일은 없다.,0,
,김기림,refer to,귀스타브 플로베르,4,현 문단의 부진과 그 전망,전세진,위대한 사실주의자 플로베르나 모파상 등이 현대처럼 열심으로 연구되고 논의된 적이 있는가 보라.,0,
,김기림,refer to,기 드 모파상,4,현 문단의 부진과 그 전망,전세진,위대한 사실주의자 플로베르나 모파상 등이 현대처럼 열심으로 연구되고 논의된 적이 있는가 보라.,0,
,김기림,refer to,폴 발레리,4,현 문단의 부진과 그 전망,전세진,우리는 또한 시의 세계에 있어서도 발레리의 근기 있는 노력을 잊어서는 아니 된다.,0,
,김기림,refer to,존 조지 외젠 졸라스 ,4,현 문단의 부진과 그 전망,전세진,우리는 또한 과거에 있어서 많은 공적을 세계문학에 기여한 세계적 실험장인 트랜지션이 유진 졸라스의 손으로 헤이그에서 다시 나타나게 되었다는 축복할 만한 보도에 귀를 기울임이 좋다.,0,
,김기림,refer to,파우스트,5,표절 행위에 대한 저널리즘의 책임,정성훈,우리들에게는 「괴테」나 「마르티네」나 「부도푸킨」이 가치있는 것이 아니라 「파우스트」나 「밤」이나 「아시아의 暴風雨」가 가치있는 것이다.,0,
,김기림,refer to,밤(마르셀 마르티네),5,표절 행위에 대한 저널리즘의 책임,정성훈,우리들에게는 「괴테」나 「마르티네」나 「부도푸킨」이 가치있는 것이 아니라 「파우스트」나 「밤」이나 「아시아의 暴風雨」가 가치있는 것이다.,0,
,김기림,refer to,괴테,,피에로의 독백: 포에지에 대한 사색의 단편,정성훈,戀愛를主題로일삼는詩人○害虫은업스리라 『궤-테』『단테』는 엇지면그러케 好色○엿든가,0,
,김기림,refer to,단테,,피에로의 독백: 포에지에 대한 사색의 단편,정성훈,戀愛를主題로일삼는詩人○害虫은업스리라 『궤-테』『단테』는 엇지면그러케 好色○엿든가,0,